Product Name,Price,Shipping Location,Review
OnePlus Nord CE 2 5G,"৳ 34,990",Bangladesh,
OnePlus Nord 2 5G,"৳ 44,990",Bangladesh,
OnePlus 8T Aquamarine Green RAM 12GB/ROM 256GB,"৳ 49,990",Bangladesh,(1)
"UGREEN Type C Cable for Huawei p20, Huawei mate10, Huawei mate 20 USB C to USB 2.0 fast Charging and Sync Data Cord for Xiaomi A1,Samsung S8,Huawei P9, GoPro Hero 5, Google Pixel XL, OnePlus 2, Smartphones #US287",৳ 224,Bangladesh,(50)
OnePlus 8 / OnePlus 9R / OnePlus 9 Pro / OnePlus 7T Pro / OnePlus 7 Pro / OnePlus 8T / OnePlus 7 / OnePlus 6 / OnePlus 6T Premium Hydrogel Clear Back Poly Protector,৳ 45,Bangladesh,(13)
"UGREEN USB Type C Cable Nylon Braided USB A to USB C Fast Charger for Samsung Galaxy S20 S10 S9 S8 Note 9 8, GoPro Hero 7 5 6, PS5 Controller, Nintendo Switch, LG G8 G7 #US288",৳ 314,Bangladesh,(27)
For OnePlus 6 Transparent 3D Carbon Fiber Back Skin Rear Screen Guard Protector Sticker,৳ 25,Bangladesh,
OnePlus 8 - 9D Ceramic EDGE TO EDGE Anti Broken Full Screen Covered Ceramic Curved Matte Film Screen Protector,৳ 85,Bangladesh,
OnePlus_Nord Tempered 6D/9D/11D/21D Full Glass Screen Protector - Black,৳ 100,Bangladesh,(1)
"UGREEN type-c to 3.5mm jack earphone cable 3.5mm AUX USB C audio adapter for For Xiaomi Mi 10/10 Pro/Mi 9 Pro/ 8/8SE/8 lite/Huawei Nova6/Mate 30 Pro/ Mate 20 Pro/Mate 10 Pro/P30 Pro/Honor 20S/V30 /OnePlus 8/8Pro/8T,7/7 Pro/7T",৳ 495,China,(196)
Rinbo For OnePlus 6T / OnePlus 7 3-in-1 Combo Pack Rinbo Screen Protector Glass + Camera Lens Protector + Back poly,৳ 180,Bangladesh,(3)
RINBO TEMPERED Glass Screen Protector for ONEPLUS 9R / ONEPLUS 9 / ONEPLUS 8T / ONEPLUS 7T / ONEPLUS 7 / ONEPLUS 6T / ONEPLUS 6 / ONEPLUS 5T / ONEPLUS 5 / _NORD / _NORD N10 / _NORD N100 / _NORD 2 / _NORD CE / _NORD N200,৳ 120,Bangladesh,(77)
One plus Dash USB to Type C data cable,৳ 274,Bangladesh,(34)
OnePlus 6 Rinbo glass Premium Quality Curved Glass Screen Protector,৳ 105,Bangladesh,
OnePlus 7 Pro Hydrogel Film Soft Film Front Poly Transparent - Front,৳ 45,Bangladesh,(2)
For Oneplus 8 Pro / Oneplus 8 / Oneplus 7 Pro/ Oneplus 7T Pro / Oneplus 7T / Oneplus 7 / Oneplus 6T Hydrogel Film Soft Film Front Poly Transparent - Front,৳ 50,Bangladesh,(46)
Oneplus_Nord_N10 Airbag Case Soft Silicone Transparent Full Protection Phone Cover,৳ 139,Bangladesh,(71)
OnePlus 6T Ceramic EDGE TO EDGE Anti Broken Full Screen Covered Ceramic Film Screen Protector,৳ 44,Bangladesh,
Tempered 6D / 9D / 11D / 21D Glass Screen Protector For Oneplus 1+ 3t- Black,৳ 90,Bangladesh,(1)
For OnePlus 6T Transparent 3D Carbon Fiber Back Skin Rear Screen Guard Protector Sticker,৳ 25,Bangladesh,(1)
For_OnePlus_3 / 3T / 5 / 5T / 6 / 6T / 7 / 7T / 8T / 8T 5G / 9 / 9R Premium Anti-Fingerprint Matte Screen Protector Tempered Glass,৳ 55,Bangladesh,(59)
Nilkin case back cover for oneplus 8 pro/1+8 pro,৳ 420,Bangladesh,(9)
"Nillkin for OnePlus 9 Pro Tempered Glass, 3D DS+MAX Full Glue Coverage Tempered Glass Film Screen Protector","৳ 1,420",China,(14)
OnePlus_Nord Tempered 6D / 9D /11D / 21D Full Glass Screen Protector - Black,৳ 100,Bangladesh,
For OnePlus 6T Matte Finish Ceramic's Matte Tempered Glass Screen Protector - Clear,৳ 50,Bangladesh,
ONEPLUS 7T Transparent Back Cover Protector Clear poly,৳ 43,Bangladesh,(10)
OnePlus 6 Tempered Glass Screen Protector 2.5D 9H Hardness (Not Curve)- Transparent,৳ 100,Bangladesh,(2)
Oneplus 5 Tempered Glass Screen Protector 6D 9H Full Covered Edge to Edge -Black,৳ 120,Bangladesh,(3)
USB Type C To 3.5mm Earphone Jack Adapter Aux Audio For one plus 7 usb-c music converter cable For oneplus 6T 7 Pro,৳ 135,Bangladesh,(5)
Type-C to Jack 3.5mm AUX Audio Cable Converter Adapter USB-C Male to 3.5mm Headphones Female Jack,৳ 46,Bangladesh,(6)
"For Oneplus Nords / 1+Nords (6.44\"") Transparent (TPU) Heavy Duty Back Cover",৳ 55,Bangladesh,(12)
OnePlus 6 Camera Lens protector,৳ 62,Bangladesh,
OnePlus 7T Tempered 6D/9D/11D/21D Full Glass Screen Protector - Black,৳ 100,Bangladesh,(12)
Oneplus 6T Clear Ultra Slim Screen Protector Back Camera Lens Tempered Glass Film Cover - Transparent,৳ 36,Bangladesh,(1)
Oneplus 2 Tempered Glass Screen Protector 2.5D 9H (Flat)-Transparent,৳ 100,Bangladesh,
Back Poly Sticker for One Plus 6T (1+6T) Hydrogel Poly Sticker for OnePlus 6T (1+6T) - Ultra Thin Transparent,৳ 55,Bangladesh,
OnePlus 8T OG Type Full Glue Tempered Glass Black Edge To Edge Tempered Glass(Better Than 5D/6D/9D/11D)-Black,৳ 140,Bangladesh,(17)
Camera Protector For OnePlus 6/6T (1+6 / 1+6T),৳ 55,Bangladesh,(9)
ONEPLUS 7T Transparent Back Cover Protector Clear poly,৳ 46,Bangladesh,(45)
For OnePlus 6 Ceramic Matte Finished Tempered Glass Screen Protector - Clear,৳ 54,Bangladesh,(4)
Oneplus 5 Luxury Shockproof camera protaction Smoky matte cover,৳ 166,Bangladesh,(11)
For OnePlus 5 / OnePlus 5T / OnePlus 6 / OnePlus 6T / OnePlus 7 / Oneplus 7T Rainbow premium Glass Screen Protector,৳ 110,Bangladesh,(1)
For OnePlus 8 Pro/ 8/ 7T Pro/ 7T/ 7 Pro/ 7/ 6T/ 6/ 5T/5/ OnePlus_Nord/ 8T/ 8T 5G/ N10/ N100 Premium Anti-Fingerprint Matte Gaming and Flexible Tempered Screen Protector,৳ 44,Bangladesh,(13)
OnePlus 6 (1+6) Camera Hole 11D Tempered Glass Screen Protector -Black,৳ 54,Bangladesh,(15)
For OnePlus 6 Transparent 3D Carbon Fiber Back Skin Rear Screen Guard Protector Sticker,৳ 30,Bangladesh,
OnePlus 5 Soft Silicone Bumper Luxurious Translucent Smoky Matte Shockproof Back Cover Case,৳ 245,Bangladesh,
Rinbo Tempered Glass for OnePlus 7T (1+7T) Rinbo Screen Protector for OnePlus 7T Tempered Glass for One Plus 7T,৳ 125,Bangladesh,(15)
OnePlus_Nord Ceramic EDGE TO EDGE Anti Broken Full Screen Covered Ceramic Film Screen Protector,৳ 44,Bangladesh,(1)
OnePlus 7t Pro Hydrogel Film Soft Film Front Poly Transparent - Front,৳ 45,Bangladesh,
Hybrid SIM Slot Adapter to Run 2 SIM and Micro SD Card,৳ 90,Bangladesh,(6)
OnePlus 6 Premium Silicone Case Crystal Clear Soft TPU Ultra-Thin Transparent Flexible Protective Mobile Phone Back Cover,৳ 65,Bangladesh,(36)
Oneplus 3/3T Tempered Glass Screen Protector 6D 9H Full Covered Edge to Edge -Black,৳ 120,Bangladesh,(14)
OnePlus 3T Screen Protector 5D/6D/9D/11D/13D/21D,৳ 120,Bangladesh,(3)
Camera Protector For OnePlus 6T One Plus 6T,৳ 55,Bangladesh,(5)
Rinbo 9H Tempered Glass For OnePlus 5T Safety Glass Screen Protector,৳ 100,Bangladesh,(1)
Oneplus 6T Bumper cover Frosted Shockproof Protection Casing Hard Phone Case Matte Back Cover One plus 6T Back cover,৳ 140,Bangladesh,(2)
OnePlus 6T/ OnePlus 7 Rinbo HD Curved Tempered Glass Screen Protector,৳ 115,Bangladesh,(18)
Full Cover Curved Hydrogel Film For OnePlus 9 8T 8 7 7T Pro 6 6T Screen Protector Back Film Not-Tempered Glass Phone Accessories,৳ 59,Bangladesh,(12)
UGREEN 30632 USB Type C to 3.5mm Earphone USB C Cable USB C to 3.5 Headphone Adapter Audio Cable For HUAWEI P30 Oneplus 9 AV142,৳ 553,Bangladesh,(5)
MobiCase For Oneplus 6T / Oneplus 7 Back Cover Soft Silicone Transparent Laser Electroplating Case,৳ 165,Bangladesh,
For Oneplus 6 - Rinbo Tempered Glass Screen Protector,৳ 90,Bangladesh,
OnePlus 6T Back Glass Panel Body Housing Compatible 1+ 6T,৳ 490,Bangladesh,(4)
OnePlus 8 Hydrogel Film Soft Film Front Poly Transparent - Front,৳ 49,Bangladesh,(14)
UCUC for OnePlus 8 Pro Luxury 6D Plating Soft Casing Silicone Square Frame Phone Case Shiny Bling Back Cover,৳ 240,China,(6)
Back Poly Sticker For OnePlus 6 Ultra Thin Transparent,৳ 39,Bangladesh,(1)
Usb-c music converter cable for usb type c to 3.5mm earphone jack adapter aux audio oneplus 6t 7 pro for one plus 7,৳ 125,Bangladesh,(69)
MOBILE FAST CHARGER Adapter 3 PORT LED DISPLAY APMERE MITRE,৳ 325,Bangladesh,(29)
OnePlus 6 Tempered Glass Film Soft Tempered Glass Back Camera Lens Film Camera Protector,৳ 40,Bangladesh,
OnePlus 6 Tempered Glass Screen Protector 6D/9D/11D - Black,৳ 100,Bangladesh,
UGREEN USB Type-C to USB C PD 60W Cable for Samsung Galaxy S9 Note10 Fast Charger Cable for Macbook Pro Support Quick Charge 4.0 USB Cord,৳ 596,China,(52)
Transparent back protector clear poly For one Plus 6 / OnePlus 6T / OnePlus 5T / OnePlus 7 / OnePlus 7T / OnePlus 7Pro / OnePlus 7T Pro / OnePlus 8 / OnePlus 8T / OnePlus 8 Pro,৳ 65,Bangladesh,(8)
For OnePlus 6 Fiber Carbon Pattern Clear Designed Back Poly,৳ 23,Bangladesh,
Rinbo Tempered Glass for OnePlus 6 (1+6) Rinbo Screen Protector for OnePlus 6 Tempered Glass for One Plus 6,৳ 120,Bangladesh,(10)
Nillkin Super Frosted Shield Matte Cover Case for Oneplus 6T,৳ 426,Bangladesh,(6)
OnePlus 6 Premium Silicone Case Crystal Clear Soft TPU Ultra-Thin Transparent Flexible Protective Mobile Phone Back Cover,৳ 65,Bangladesh,
For_OnePlus 9 / 9R / 8T / 8T 5G / 7T / 6T / 7 / 6 / 5T / 5 / 3 / 3T - 5D Tempered Glass HD Screen Protector - Transparent,৳ 55,Bangladesh,(53)
One Minute Series Borderless UV Glass Protector For OnePlus 7T Pro,৳ 391,Bangladesh,(7)
Lenuo Luxury 6D Plating Soft Casing Silicone Square Frame Phone Case For OnePlus 9 Pro Phone Case Shiny Bling Back Cover Coque,৳ 349,China,(9)
Matte Screen Protector for Oneplus 6t ( 1+6T ) - Matte Poly Transparent,৳ 59,Bangladesh,
OnePlus 6T Flexible Clear Transparent Soft TPU Back Case Cover,৳ 150,Bangladesh,
